openEuler Repo,Project Name,Required Version,Repo version,Status
,sphinxcontrib-programoutput,0.16,,
python-sphinx,sphinx,4.0.2,3.4.3,Need Upgrade
python-sphinx-theme-alabaster,alabaster,0.7.12,0.7.12,OK
babel,babel,2.9.1,2.9.0,Need Upgrade
pytz,pytz,2021.1,2020.5,Need Upgrade
python-docutils,docutils,0.17.1,0.16,Need Upgrade
python-imagesize,imagesize,1.2.0,1.2.0,OK
python-jinja2,jinja2,3.0.1,2.11.2,Need Upgrade
python-markupsafe,markupsafe,2.0.1,1.1.1,Need Upgrade
python-packaging,packaging,20.9,20.8,Need Upgrade
pyparsing,pyparsing,2.4.7,2.4.7,OK
python-pygments,pygments,2.9.0,2.7.4,Need Upgrade
python-requests,requests,2.25.1,2.25.1,OK
python-certifi,certifi,2021.5.30,2020.6.20,Need Upgrade
python-chardet,chardet,4.0.0,3.0.4,Need Upgrade
python-idna,idna,2.10,2.10,OK
python-urllib3,urllib3,1.26.6,1.26.3,Need Upgrade
python-setuptools,setuptools,57.0.0,54.2.0,Need Upgrade
python-snowballstemmer,snowballstemmer,2.1.0,2.0.0,Need Upgrade
python-sphinxcontrib-applehelp,sphinxcontrib-applehelp,1.0.2,1.0.2,OK
python-sphinxcontrib-devhelp,sphinxcontrib-devhelp,1.0.2,1.0.2,OK
python-sphinxcontrib-htmlhelp,sphinxcontrib-htmlhelp,2.0.0,1.0.3,Need Upgrade
python-sphinxcontrib-jsmath,sphinxcontrib-jsmath,1.0.1,1.0.1,OK
python-sphinxcontrib-qthelp,sphinxcontrib-qthelp,1.0.3,1.0.3,OK
python-sphinxcontrib-serializinghtml,sphinxcontrib-serializinghtml,1.1.5,1.1.4,Need Upgrade
python-zake,zake,0.2.2,,Need Init
python-kazoo,kazoo,2.8.0,,Need Init
python-six,six,1.16.0,1.15.0,Need Upgrade
python-docker,docker,4.4.4,4.0.2,Need Upgrade
python-websocket-client,websocket-client,1.1.0,0.57.0,Need Upgrade
python-dogpile.cache,dogpile-cache,1.1.3,1.1.0,Need Upgrade
python-decorator,decorator,5.0.9,4.4.2,Need Upgrade
python-stevedore,stevedore,3.3.0,3.3.0,OK
python-importlib-metadata,importlib-metadata,4.6.0,0.23,Need Upgrade
,typing-extensions,3.10.0.0,,
python-zipp,zipp,3.4.1,0.5.1,Need Upgrade
python-pbr,pbr,5.6.0,5.5.1,Need Upgrade
python-taskflow,taskflow,4.6.0,4.5.0,Need Upgrade
python-cinderclient,python-cinderclient,7.4.0,7.2.0,Need Upgrade
python-xmltodict,xmltodict,0.12.0,0.12.0,OK
python-hacking,hacking,4.0.0,4.0.0,OK
openstack-ironic-inspector,ironic-inspector,10.6.0,10.5.0,Need Upgrade
,pytest-html,3.1.1,,
pytest,pytest,6.2.4,5.4.3,Need Upgrade
python-attrs,attrs,21.2.0,19.3.0,Need Upgrade
python-iniconfig,iniconfig,1.1.1,1.1.1,OK
python-pluggy,pluggy,0.13.1,0.13.1,OK
python-py,py,1.10.0,1.5.4,Need Upgrade
python-toml,toml,0.10.2,0.10.0,Need Upgrade
python-pytest-metadata,pytest-metadata,1.11.0,,Need Init
python-XStatic-Hogan,XStatic-Hogan,2.0.0.3,2.0.0.3,OK
python-extras,extras,1.0.0,1.0.0,OK
python-barbicanclient,python-barbicanclient,5.1.0,5.0.1,Need Upgrade
,krest,1.3.2,,
python-XStatic-Angular-FileUpload,XStatic-Angular-FileUpload,12.0.4.0,12.0.4.0,OK
python-retrying,retrying,1.3.3,1.3.3,OK
python-routes,routes,2.5.1,2.5.1,OK
python-repoze-lru,repoze-lru,0.7,0.7,OK
python-sphinx-feature-classification,sphinx-feature-classification,1.1.0,1.1.0,OK
,python-rsdclient,1.0.2,,
python-fasteners,fasteners,0.16.3,0.14.1,Need Upgrade
python-monotonic,monotonic,1.6,1.5,Need Upgrade
python-pysnmp,pysnmp,4.4.12,4.4.12,OK
python-pyasn1,pyasn1,0.4.8,0.4.8,OK
python-pycryptodomex,pycryptodomex,3.10.1,3.9.7,Need Upgrade
python-pysmi,pysmi,0.3.4,0.3.4,OK
python-ply,ply,3.11,3.11,OK
python-oslo.reports,oslo.reports,2.2.0,2.2.0,OK
python-webob,webob,1.8.7,1.8.2,Need Upgrade
python-XStatic-tv4,XStatic-tv4,1.2.7.0,1.2.7.0,OK
openstack-cinder,cinder,18.0.0,17.0.0,Need Upgrade
python-openstacksdk,openstacksdk,0.57.0,0.50.0,Need Upgrade
,storpool-spopenstack,3.0.0,,
,storpool,5.5.0,,
,confget,3.0.1,,
python-construct,construct,2.10.61,2.10.56,Need Upgrade
python-graphviz,graphviz,0.16,0.8.3,Need Upgrade
python-dulwich,dulwich,0.20.20,0.20.11,Need Upgrade
python-iso8601,iso8601,0.1.14,0.1.12,Need Upgrade
,cinder-tempest-plugin,1.4.0,,
diskimage-builder,diskimage-builder,3.7.0,3.2.1,Need Upgrade
python-prettytable,prettytable,2.1.0,0.7.2,Need Upgrade
python-requestsexceptions,requestsexceptions,1.4.0,1.4.0,OK
python-suds-jurko,suds-jurko,0.6,,Need Init
,aodhclient,2.2.0,,
python-cliff,cliff,3.8.0,3.5.0,Need Upgrade
python-cmd2,cmd2,2.1.1,1.4.0,Need Upgrade
python-colorama,colorama,0.4.4,0.4.3,Need Upgrade
python-pyperclip,pyperclip,1.8.2,1.8.1,Need Upgrade
python-wcwidth,wcwidth,0.2.5,0.2.5,OK
PyYAML,PyYAML,5.4.1,5.3.1,Need Upgrade
python-keystoneauth1,keystoneauth1,4.3.1,4.2.1,Need Upgrade
python-os-service-types,os-service-types,1.7.0,1.7.0,OK
python-osc-lib,osc-lib,2.3.1,2.2.1,Need Upgrade
python-appdirs,appdirs,1.4.4,1.4.3,Need Upgrade
python-cryptography,cryptography,3.4.7,3.3.1,Need Upgrade
python-cffi,cffi,1.14.5,1.14.4,Need Upgrade
python-pycparser,pycparser,2.20,release_v2.20,Need Upgrade
python-jmespath,jmespath,0.10.0,0.9.0,Need Upgrade
python-jsonpatch,jsonpatch,1.32,1.28,Need Upgrade
python-jsonpointer,jsonpointer,2.1,2.0,Need Upgrade
python-munch,munch,2.5.0,2.5.0,OK
python-netifaces,netifaces,0.11.0,0.10.9,Need Upgrade
python-oslo.i18n,oslo.i18n,5.0.1,5.0.1,OK
python-oslo.utils,oslo.utils,4.8.0,4.7.0,Need Upgrade
python-debtcollector,debtcollector,2.2.0,2.2.0,OK
python-wrapt,wrapt,1.12.1,1.12.1,OK
python-netaddr,netaddr,0.8.0,0.7.19,Need Upgrade
python-simplejson,simplejson,3.17.2,3.17.0,Need Upgrade
python-oslo.serialization,oslo.serialization,4.1.0,4.0.1,Need Upgrade
python-msgpack,msgpack,1.0.2,1.0.2,OK
python-osprofiler,osprofiler,3.4.0,3.4.0,OK
python-oslo.concurrency,oslo.concurrency,4.4.0,4.3.1,Need Upgrade
python-oslo.config,oslo.config,8.7.0,8.3.3,Need Upgrade
python-rfc3986,rfc3986,1.5.0,1.4.0,Need Upgrade
python-werkzeug,werkzeug,2.0.1,1.0.1,Need Upgrade
python-django-debreach,django-debreach,2.0.1,2.0.1,OK
python-jsonpath-rw,jsonpath-rw,1.4.0,1.4.0,OK
python-novaclient,python-novaclient,17.4.0,17.2.1,Need Upgrade
python-doc8,doc8,0.8.1,,Need Init
python-restructuredtext-lint,restructuredtext-lint,1.3.2,,Need Init
python-XStatic-Rickshaw,XStatic-Rickshaw,1.5.1.0,1.5.1.0,OK
,ironic-tempest-plugin,2.2.0,,
,scripttest,1.3,,
subunit,python-subunit,1.4.0,1.3.0,Need Upgrade
python-testtools,testtools,2.4.0,2.3.0,Need Upgrade
python-fixtures,fixtures,3.0.0,3.0.0,OK
python-mimeparse,python-mimeparse,1.6.0,1.6.0,OK
python-traceback2,traceback2,1.4.0,1.4.0,OK
python-linecache2,linecache2,1.0.0,1.0.0,OK
python-unittest2,unittest2,1.1.0,1.1.0,OK
,argparse,1.4.0,,
python-openstackclient,python-openstackclient,5.5.0,5.4.0,Need Upgrade
,python-octaviaclient,2.3.0,,
python-testscenarios,testscenarios,0.5.0,0.5.0,OK
,rbd-iscsi-client,0.1.8,,
python-oslo.log,oslo.log,4.4.0,4.4.0,OK
python-oslo.context,oslo.context,3.2.0,3.1.1,Need Upgrade
python-dateutil,python-dateutil,2.8.1,2.8.1,OK
python-yaql,yaql,1.1.3,1.1.3,OK
python-ddt,ddt,1.4.1,1.4.1,OK
openstack-horizon,horizon,19.2.0,18.6.1,Need Upgrade
python-pecan,pecan,1.3.3,1.3.2,Need Upgrade
python-logutils,logutils,0.3.5,0.3.5,OK
python-mako,mako,1.1.4,rel_1_1_3,Need Upgrade
python-webtest,webtest,2.0.35,2.0.35,OK
python-beautifulsoup4,beautifulsoup4,4.9.3,4.6.3,Need Upgrade
,soupsieve,2.2.1,,
python-waitress,waitress,2.0.0,1.4.4,Need Upgrade
python-XStatic-smart-table,XStatic-smart-table,1.4.13.2,1.4.13.2,OK
python-oslo.service,oslo.service,2.5.0,2.4.0,Need Upgrade
python-GitPython,GitPython,3.1.18,3.1.11,Need Upgrade
python-gitdb,gitdb,4.0.7,4.0.1,Need Upgrade
python-smmap,smmap,4.0.0,3.0.4,Need Upgrade
pyOpenSSL,pyOpenSSL,20.0.1,20.0.1,OK
python-eventlet,eventlet,0.31.0,0.30.0,Need Upgrade
python-dns,dnspython,1.16.0,1.16.0,OK
python-greenlet,greenlet,1.1.0,0.4.15,Need Upgrade
python-XStatic-Spin,XStatic-Spin,1.2.5.3,1.2.5.3,OK
python-zstd,zstd,1.4.8.1,1.4.8.1,OK
python-isort,isort,5.9.1,4.3.4,Need Upgrade
python-pep8,pep8,1.5.7,,Need Init
,nosexcover,1.0.11,,
python-coverage,coverage,5.5,5.4,Need Upgrade
python-nose,nose,1.3.7,1.3.7,OK
python-pycadf,pycadf,3.1.1,3.1.1,OK
python-XStatic-Angular-Bootstrap,XStatic-Angular-Bootstrap,2.5.0.0,2.5.0.0,OK
openstack-swift,swift,2.27.0,,Need Init
python-pymemcache,pymemcache,3.4.1,,Need Init
,pyxcli,1.1.5,,
,bunch,1.0.1,,
python-ironicclient,python-ironicclient,4.6.1,4.4.0,Need Upgrade
python-alembic,alembic,1.5.7,1.4.2,Need Upgrade
python-editor,python-editor,1.0.4,1.0.4,OK
python-sqlalchemy,sqlalchemy,1.4.20,1.3.22,Need Upgrade
,nosehtmloutput,0.0.7,,
python-sushy,sushy,3.9.1,3.4.1,Need Upgrade
,python-saharaclient,3.3.0,,
,confluent-kafka,1.6.0,,
python-botocore,botocore,1.20.102,1.19.17,Need Upgrade
python-wsgi-intercept,wsgi-intercept,1.9.2,1.9.2,OK
python-pysaml2,pysaml2,6.5.1,6.1.0,Need Upgrade
python-defusedxml,defusedxml,0.7.1,0.6.0,Need Upgrade
python-importlib-resources,importlib-resources,5.2.0,3.3.0,Need Upgrade
,xmlschema,1.6.4,,
,elementpath,2.2.3,,
python-paste-deploy,pastedeploy,2.1.1,2.1.0,Need Upgrade
python-sqlparse,sqlparse,0.4.1,0.3.1,Need Upgrade
,PyECLib,1.3.1,,
python-oslo.vmware,oslo.vmware,3.8.0,3.7.0,Need Upgrade
python-prometheus_client,prometheus-client,0.9.0,,Need Init
python-XStatic-Angular-lrdragndrop,XStatic-Angular-lrdragndrop,1.0.2.4,1.0.2.4,OK
,storops,1.2.8,,
python-bitmath,bitmath,1.3.3.1,,Need Init
python-cachez,cachez,0.1.2,,Need Init
python-persist-queue,persist-queue,0.6.0,,Need Init
python-retryz,retryz,0.1.9,,Need Init
python-flake8,flake8,3.9.2,3.8.4,Need Upgrade
python-mccabe,mccabe,0.6.1,0.6.1,OK
python-pycodestyle,pycodestyle,2.7.0,2.6.0,Need Upgrade
pyflakes,pyflakes,2.3.1,2.2.0,Need Upgrade
,python-xclarityclient,0.1.6,,
,python-zunclient,4.2.0,,
python-flask,flask,2.0.1,1.1.2,Need Upgrade
python-click,click,8.0.1,7.0,Need Upgrade
python-itsdangerous,itsdangerous,2.0.1,1.1.0,Need Upgrade
openstack-tempest,tempest,27.0.0,25.0.1,Need Upgrade
python-oslo.upgradecheck,oslo.upgradecheck,1.3.0,1.3.0,OK
networking-generic-switch,networking-generic-switch,5.0.0,ictoria,Need Upgrade
python-oslo.rootwrap,oslo.rootwrap,6.2.0,6.2.0,OK
python-lxml,lxml,4.6.3,4.6.2,Need Upgrade
python-oslo.cache,oslo.cache,2.7.0,2.6.1,Need Upgrade
python-XStatic-objectpath,XStatic-objectpath,1.2.1.0,1.2.1.0,OK
python-wheel,wheel,0.32.0,0.36.2,Need Downgrade
python-os-vif,os-vif,2.4.0,2.3.0,Need Upgrade
,python-manilaclient,2.6.0,,
python-sphinxcontrib-httpdomain,sphinxcontrib-httpdomain,1.7.0,1.7.0,OK
python-heatclient,python-heatclient,2.3.0,2.2.1,Need Upgrade
python-sphinxcontrib-svg2pdfconverter,sphinxcontrib-svg2pdfconverter,1.1.1,1.1.0,Need Upgrade
python-netmiko,netmiko,3.3.3,3.3.3,OK
,ntc-templates,2.1.0,,
python-textfsm,textfsm,1.1.2,1.1.0,Need Upgrade
future,future,0.18.2,0.16.0,Need Upgrade
python-paramiko,paramiko,2.7.2,2.7.2,OK
python-bcrypt,bcrypt,3.2.0,3.1.4,Need Upgrade
python-pynacl,pynacl,1.4.0,1.4.0,OK
python-pyserial,pyserial,3.5,,Need Init
python-scp,scp,0.13.5,0.13.2,Need Upgrade
python-tenacity,tenacity,7.0.0,6.3.1,Need Upgrade
python-mypy,mypy,0.812,0.800,Need Upgrade
,mypy-extensions,0.4.3,,
,typed-ast,1.4.3,,
,moto,2.0.1,,
python-boto3,boto3,1.17.102,1.16.17,Need Upgrade
python-s3transfer,s3transfer,0.4.2,0.3.0,Need Upgrade
python-mock,mock,4.0.3,4.0.3,OK
python-more-itertools,more-itertools,8.8.0,4.1.0,Need Upgrade
,responses,0.13.3,,
python-networkx,networkx,2.5.1,2.5,Need Upgrade
,flake8-logging-format,0.6.0,,
python-requests-mock,requests-mock,1.8.0,1.8.0,OK
python-scciclient,python-scciclient,0.8.0,0.8.1,Need Downgrade
python-swiftclient,python-swiftclient,3.11.1,3.10.1,Need Upgrade
,openstack-nose-plugin,0.11,,
python-termcolor,termcolor,1.1.0,1.1.0,OK
python-testresources,testresources,2.0.1,2.0.1,OK
pywbem,pywbem,1.1.3,0.12.4,Need Upgrade
,nocasedict,1.0.2,,
,nocaselist,1.0.4,,
,yamlloader,1.0.0,,
python-ldap,python-ldap,3.3.1,3.3.1,OK
python-pyasn1-modules,pyasn1-modules,0.2.8,0.2.8,OK
python-XStatic-Bootstrap-Datepicker,XStatic-Bootstrap-Datepicker,1.4.0.0,1.4.0.0,OK
python-castellan,castellan,3.7.1,3.6.0,Need Upgrade
,infi-dtypes-wwn,0.1.1,,
,python-ibmcclient,0.2.2,,
,whereto,0.4.0,,
python-microversion-parse,microversion-parse,1.0.1,1.0.1,OK
python-pyroute2,pyroute2,0.5.14,0.5.14,OK
python-semantic_version,semantic-version,2.8.5,2.6.0,Need Upgrade
,python-muranoclient,2.2.0,,
python-websockify,websockify,0.9.0,0.9.0,OK
numpy,numpy,1.21.0,1.16.5,Need Upgrade
python-ovsdbapp,ovsdbapp,1.9.0,1.7.0,Need Upgrade
,yamllint,1.23.0,,
python-pathspec,pathspec,0.8.1,0.8.0,Need Upgrade
,pypowervm,1.1.24,,
python-inotify,pyinotify,0.9.6,0.9.6,OK
python-automaton,automaton,2.3.0,2.2.0,Need Upgrade
python-cachetools,cachetools,4.2.2,4.1.1,Need Upgrade
python-futurist,futurist,2.3.0,2.3.0,OK
python-jsonschema,jsonschema,3.2.0,3.2.0,OK
python-pyrsistent,pyrsistent,0.18.0,0.16.0,Need Upgrade
python-pydot,pydot,1.4.2,1.4.1,Need Upgrade
python-flask-restful,flask-restful,0.3.9,0.3.8,Need Upgrade
python-aniso8601,aniso8601,9.0.1,8.1.0,Need Upgrade
,pytest-django,4.1.0,,
python-sphinxcontrib-issuetracker,sphinxcontrib-issuetracker,0.11,,Need Init
networking-baremetal,networking-baremetal,4.0.0,3.0.0,Need Upgrade
python-neutronclient,python-neutronclient,7.3.0,7.2.1,Need Upgrade
python-keystonemiddleware,keystonemiddleware,9.2.0,9.1.0,Need Upgrade
python-os-testr,os-testr,2.0.0,2.0.0,OK
,selenium,3.141.0,,
python-XStatic-Bootstrap-SCSS,XStatic-Bootstrap-SCSS,3.4.1.0,3.4.1.0,OK
python-flake8-import-order,flake8-import-order,0.18.1,,Need Init
,rsd-lib,1.2.0,,
pyxattr,xattr,0.9.7,0.7.2,Need Upgrade
python-gabbi,gabbi,2.2.0,2.1.0,Need Upgrade
python-jsonpath-rw-ext,jsonpath-rw-ext,1.2.2,1.2.2,OK
python-XStatic-Jasmine,XStatic-Jasmine,2.4.1.2,2.4.1.2,OK
python-oauthlib,oauthlib,3.1.0,3.1.0,OK
,sushy-oem-idrac,2.1.0,,
,keystone-tempest-plugin,0.7.0,,
python-ironic-lib,ironic-lib,4.6.1,4.4.0,Need Upgrade
python-XStatic-jquery-ui,XStatic-jquery-ui,1.12.1.1,1.12.1.1,OK
python-XStatic-jQuery,XStatic-jQuery,3.5.1.1,1.12.4.1,Need Upgrade
,dfs-sdk,1.2.25,,
openstack-neutron,neutron,18.0.0,17.0.0,Need Upgrade
python-kombu,kombu,5.0.2,5.0.2,OK
python-amqp,amqp,5.0.6,5.0.2,Need Upgrade
python-vine,vine,5.0.0,5.0.0,OK
python-oslo.policy,oslo.policy,3.7.0,3.6.0,Need Upgrade
,python-3parclient,4.2.11,,
python-XStatic-D3,XStatic-D3,3.5.17.0,3.5.17.0,OK
,proboscis,1.2.6.0,,
python-PyMySQL,PyMySQL,1.0.2,0.9.3,Need Upgrade
python-os-ken,os-ken,1.4.0,1.2.0,Need Upgrade
,murano-pkg-check,0.3.0,,
python-pydotplus,pydotplus,2.0.2,2.0.2,OK
python-cursive,cursive,0.2.2,0.2.2,OK
python-glanceclient,python-glanceclient,3.3.0,3.2.2,Need Upgrade
python-mox,mox,0.5.3,0.5.3,OK
python-dracclient,python-dracclient,5.1.0,5.1.0,OK
python-tabulate,tabulate,0.8.9,0.8.7,Need Upgrade
python-XStatic-JQuery.TableSorter,XStatic-JQuery.TableSorter,2.14.5.2,2.14.5.2,OK
python-tooz,tooz,2.8.1,2.8.0,Need Upgrade
,python-senlinclient,2.2.1,,
python-tempita,tempita,0.5.2,0.5.2,OK
python-django-pyscss,django-pyscss,2.0.2,2.0.2,OK
python-django,django,3.2.4,2.2.3,Need Upgrade
python-asgiref,asgiref,3.4.0,3.2.10,Need Upgrade
pyScss,pyScss,1.3.7,1.3.7,OK
,purestorage,1.19.0,,
python-rtslib-fb,rtslib-fb,2.1.74,,Need Init
python-pyudev,pyudev,0.22.0,0.22.0,OK
python-XStatic-Font-Awesome,XStatic-Font-Awesome,4.7.0.0,4.7.0.0,OK
python-pymongo,pymongo,3.11.3,3.9.0,Need Upgrade
,gnocchiclient,7.0.6,,
,ujson,4.0.2,,
python-freezegun,freezegun,1.1.0,0.3.8,Need Upgrade
python-httplib2,httplib2,0.19.1,0.19.0,Need Upgrade
python-consul,python-consul,1.1.0,,Need Init
python-oslo.privsep,oslo.privsep,2.5.0,2.4.0,Need Upgrade
python-pyghmi,pyghmi,1.5.23,1.5.19,Need Upgrade
python-glance-store,glance-store,2.5.0,2.4.0,Need Upgrade
python-keystoneclient,python-keystoneclient,4.2.0,4.1.1,Need Upgrade
python-XStatic-bootswatch,XStatic-bootswatch,3.3.7.0,3.3.7.0,OK
,python-lefthandclient,2.0.0,,
python-wsme,wsme,0.10.1,0.10.0,Need Upgrade
python-pifpaf,pifpaf,3.1.5,,Need Init
python-daiquiri,daiquiri,3.0.0,,Need Init
python-json_logger,python-json-logger,2.0.1,,Need Init
python-psutil,psutil,5.8.0,5.4.3,Need Upgrade
python-django-compressor,django-compressor,2.4,2.4,OK
python-django-appconf,django-appconf,1.0.4,1.0.4,OK
python-rcssmin,rcssmin,1.0.6,1.0.6,OK
python-rjsmin,rjsmin,1.1.0,1.1.0,OK
,sphinx-testing,1.0.1,,
python-sphinxcontrib-apidoc,sphinxcontrib-apidoc,0.3.0,0.3.0,OK
python-ldappool,ldappool,3.0.0,2.4.1,Need Upgrade
openstack-nova,nova,23.0.1,22.0.0,Need Upgrade
,discover,0.4.0,,
python-os-xenapi,os-xenapi,0.3.4,0.3.4,OK
python-oslo.messaging,oslo.messaging,12.7.1,12.6.0,Need Upgrade
openstack-ironic,ironic,17.0.3,ictoria,Need Upgrade
python-paste,paste,3.5.0,3.5.0,OK
python-XStatic-Angular-Gettext,XStatic-Angular-Gettext,2.4.1.0,2.4.1.0,OK
python-jaeger-client,jaeger-client,4.4.0,,Need Init
,opentracing,2.4.0,,
,threadloop,1.0.2,,
python-tornado,tornado,6.1,5.0.2,Need Upgrade
thrift,thrift,0.13.0,0.14.0,Need Downgrade
python-troveclient,python-troveclient,7.0.0,,Need Init
python-ironic-inspector-client,python-ironic-inspector-client,4.5.0,4.4.0,Need Upgrade
python-XStatic-Angular-Schema-Form,XStatic-Angular-Schema-Form,0.8.13.0,0.8.13.0,OK
python-statsd,statsd,3.3.0,3.3.0,OK
python-XStatic-JQuery.quicksearch,XStatic-JQuery.quicksearch,2.0.3.2,2.0.3.2,OK
,python-watcherclient,3.2.0,,
python-simplegeneric,simplegeneric,0.8.1,0.8.1,OK
python-XStatic-mdi,XStatic-mdi,1.6.50.2,1.6.50.2,OK
python-sphinxcontrib-actdiag,sphinxcontrib-actdiag,2.0.0,2.0.0,OK
python-actdiag,actdiag,2.0.0,2.0.0,OK
python-blockdiag,blockdiag,2.0.1,2.0.1,OK
python-funcparserlib,funcparserlib,0.3.6,0.3.6,OK
python-pillow,pillow,8.2.0,8.1.1,Need Upgrade
python-webcolors,webcolors,1.11.1,1.11.1,OK
python-os-win,os-win,5.4.0,5.2.0,Need Upgrade
python-oslo.middleware,oslo.middleware,4.2.0,4.1.1,Need Upgrade
,nodeenv,1.6.0,,
,ibm-db-sa,0.3.0,,
python-sphinxcontrib-seqdiag,sphinxcontrib-seqdiag,2.0.0,2.0.0,OK
python-seqdiag,seqdiag,2.0.0,2.0.0,OK
,python-binary-memcached,0.30.1,,
,uhashring,2.1,,
python-pep257,pep257,0.7.0,,Need Init
python-sysv-ipc,sysv-ipc,1.1.0,,Need Init
openstack-ironic-python-agent-builder,ironic-python-agent-builder,2.7.0,2.3.0,Need Upgrade
,os-api-ref,2.1.0,,
python-XStatic-JSEncrypt,XStatic-JSEncrypt,2.3.1.1,2.3.1.1,OK
python-oslotest,oslotest,4.4.1,4.4.1,OK
python-pint,pint,0.16.1,0.16.1,OK
python-neutron-lib,neutron-lib,2.10.1,2.6.1,Need Upgrade
python-tinyrpc,tinyrpc,1.0.4,1.0.4,OK
python-astroid,astroid,2.5,2.0.4,Need Upgrade
python-lazy-object-proxy,lazy-object-proxy,1.6.0,1.3.1,Need Upgrade
python-pyngus,pyngus,2.3.1,,Need Init
qpid-proton,python-qpid-proton,0.34.0,0.31.0,Need Upgrade
python-oslo.versionedobjects,oslo.versionedobjects,2.4.0,2.4.0,OK
openstack-kolla-ansible,kolla-ansible,12.0.0,,Need Init
python-testrepository,testrepository,0.0.20,0.0.20,OK
python-mistralclient,python-mistralclient,4.2.0,,Need Init
python-XStatic-JQuery-Migrate,XStatic-JQuery-Migrate,1.2.1.2,3.3.2.1,Need Downgrade
,trove-tempest-plugin,1.2.0,,
openstack-glance,glance,22.0.0,21.0.0,Need Upgrade
python-oslo.db,oslo.db,8.5.0,8.5.0,OK
,infi-dtypes-iqn,0.4.0,,
python-memcached,python-memcached,1.59,1.58,Need Upgrade
python-futures,futures,3.0.0,3.1.1,Need Downgrade
python-designateclient,python-designateclient,4.2.0,4.1.0,Need Upgrade
ansible,ansible,2.9.0,2.5.5,Need Upgrade
,pre-commit,2.6.0,,
python-cfgv,cfgv,3.3.0,3.1.0,Need Upgrade
python-identify,identify,2.2.10,,Need Init
python-virtualenv,virtualenv,20.4.7,20.3.0,Need Upgrade
python-distlib,distlib,0.3.2,0.3.1,Need Upgrade
python-filelock,filelock,3.0.12,3.0.12,OK
,tempest-lib,0.1.0,,
python-pexpect,pexpect,4.8.0,4.8.0,OK
python-ptyprocess,ptyprocess,0.7.0,0.6.0,Need Upgrade
python-feedparser,feedparser,6.0.8,6.0.2,Need Upgrade
,sgmllib3k,1.0.0,,
python-XStatic-Angular,XStatic-Angular,1.5.8.0,1.5.8.0,OK
python-openstackdocstheme,openstackdocstheme,2.2.7,2.2.6,Need Upgrade
python-etcd3gw,etcd3gw,0.2.5,0.2.6,Need Downgrade
pylint,pylint,2.6.0,2.4.4,Need Upgrade
python-XStatic,XStatic,1.0.2,1.0.2,OK
openstack-ironic-python-agent,ironic-python-agent,7.0.1,ictoria,Need Upgrade
python-proliantutils,proliantutils,2.11.0,2.10.0,Need Upgrade
python-passlib,passlib,1.7.4,1.7.4,OK
elasticsearch,elasticsearch,2.4.1,,Need Init
openstack-keystone,keystone,19.0.0,18.0.0,Need Upgrade
python-stestr,stestr,3.1.0,3.0.1,Need Upgrade
python-voluptuous,voluptuous,0.12.1,0.12.0,Need Upgrade
python-xvfbwrapper,xvfbwrapper,0.2.9,0.2.9,OK
openstack-kolla,kolla,12.0.0,,Need Init
,infinisdk,161.1.3,,
,api-object-schema,2.0.0,,
,sentinels,1.0.0,,
,arrow,1.1.1,,
,capacity,1.3.14,,
,confetti,2.5.3,,
,flux,1.3.5,,
,gossip,2.4.0,,
python-Logbook,Logbook,1.5.3,,Need Init
,vintage,0.4.1,,
,mitba,1.1.1,,
,pact,1.12.0,,
,waiting,1.4.1,,
,storage-interfaces,1.0.4,,
,urlobject,2.4.3,,
python-pysendfile,pysendfile,2.0.1,2.0.1,OK
python-etcd3,etcd3,0.12.0,,Need Init
,grpcio,1.38.1,,
protobuf,protobuf,3.17.3,3.12.3,Need Upgrade
,zvmcloudconnector,1.4.1,,
python-jwt,pyjwt,2.1.0,2.0.0,Need Upgrade
python-osc-placement,osc-placement,2.2.0,2.1.0,Need Upgrade
python-reno,reno,3.3.0,3.2.0,Need Upgrade
,transaction,3.0.1,,
python-zope-interface,zope-interface,5.4.0,5.2.0,Need Upgrade
python-os-traits,os-traits,2.5.0,2.4.0,Need Upgrade
python-redis,redis,3.5.3,3.4.1,Need Upgrade
openstack-placement,placement,5.0.1,4.0.0,Need Upgrade
python-SQLAlchemy-Utils,SQLAlchemy-Utils,0.36.8,0.36.8,OK
python-keyring,keyring,23.0.0,21.5.0,Need Upgrade
python-jeepney,jeepney,0.6.0,0.6.0,OK
python-SecretStorage,SecretStorage,3.3.1,3.3.0,Need Upgrade
,glance-tempest-plugin,0.1.0,,
python-os-client-config,os-client-config,2.1.0,2.1.0,OK
python-bandit,bandit,1.6.0,1.7.0,Need Downgrade
python-os-resource-classes,os-resource-classes,1.0.0,1.0.0,OK
python-sphinxcontrib-blockdiag,sphinxcontrib-blockdiag,2.0.0,2.0.0,OK
python-oauth2client,oauth2client,4.1.3,4.1.3,OK
python-rsa,rsa,4.7.2,3.4.2,Need Upgrade
python-enmerkar,enmerkar,0.7.1,0.7.1,OK
python-zeroconf,zeroconf,0.28.8,0.28.6,Need Upgrade
python-ifaddr,ifaddr,0.1.7,0.1.7,OK
,cassandra-driver,3.24.0,,
python-geomet,geomet,0.2.1.post1,,Need Init
,sphinxcontrib-autoprogram,0.1.7,,
python-setproctitle,setproctitle,1.2.2,1.2.1,Need Upgrade
python-flake8-docstrings,flake8-docstrings,0.2.1.post1,,Need Init
python-sqlalchemy-migrate,sqlalchemy-migrate,0.13.0,0.13.0,OK
python-os-brick,os-brick,4.3.1,4.0.1,Need Upgrade
python-XStatic-term.js,XStatic-term.js,0.0.7.0,0.0.7.0,OK
python-warlock,warlock,1.3.3,1.3.3,OK
python-oslo.sphinx,oslosphinx,4.18.0,1.1,Need Upgrade
python-bashate,bashate,2.0.0,2.0.0,OK
openstack-trove,trove,15.0.0,,Need Init
,python-zaqarclient,2.1.0,,
python-sphinxcontrib-pecanwsme,sphinxcontrib-pecanwsme,0.10.0,0.10.0,OK
python-yappi,yappi,1.0,1.3.2,Need Downgrade
python-boto,boto,2.49.0,2.49.0,OK
,ibm-db-sa-py3,0.3.1.post1,,
python-openvswitch,ovs,2.13.0,2.13.3,Need Downgrade
python-sortedcontainers,sortedcontainers,2.4.0,2.1.0,Need Upgrade
